{
    "prepare_queue": {
        "installed": [],
        "uninstalled": []
    },
    "config_munge": {
        "files": {
            "res/xml/config.xml": {
                "parents": {
                    "/*": [
                        {
                            "xml": "<feature name=\"InAppBrowser\"><param name=\"android-package\" value=\"org.apache.cordova.inappbrowser.InAppBrowser\" /></feature>",
                            "count": 1
                        },
                        {
                            "xml": "<feature name=\"Whitelist\"><param name=\"android-package\" value=\"org.apache.cordova.whitelist.WhitelistPlugin\" /><param name=\"onload\" value=\"true\" /></feature>",
                            "count": 1
                        }
                    ]
                }
            }
        }
    },
    "installed_plugins": {
        "cordova-plugin-inappbrowser": {
            "PACKAGE_NAME": "com.bluecode.fashionx"
        },
        "cordova-plugin-whitelist": {
            "PACKAGE_NAME": "com.bluecode.fashionx"
        }
    },
    "dependent_plugins": {},
    "modules": [
        {
            "id": "cordova-plugin-inappbrowser.inappbrowser",
            "file": "plugins/cordova-plugin-inappbrowser/www/inappbrowser.js",
            "pluginId": "cordova-plugin-inappbrowser",
            "clobbers": [
                "cordova.InAppBrowser.open"
            ]
        },
        {
            "id": "cordova-plugin-whitelist.whitelist",
            "file": "plugins/cordova-plugin-whitelist/whitelist.js",
            "pluginId": "cordova-plugin-whitelist",
            "runs": true
        }
    ],
    "plugin_metadata": {
        "cordova-plugin-inappbrowser": "4.0.0",
        "cordova-plugin-whitelist": "1.1.0"
    }
}